USE [F1Manager]
GO
SET IDENTITY_INSERT [dbo].[Countries] ON 

INSERT [dbo].[Countries] ([Id], [Name]) VALUES (1, N'Duitsland')
INSERT [dbo].[Countries] ([Id], [Name]) VALUES (2, N'Groot Brittanië')
INSERT [dbo].[Countries] ([Id], [Name]) VALUES (3, N'Finland')
INSERT [dbo].[Countries] ([Id], [Name]) VALUES (4, N'Italië')
INSERT [dbo].[Countries] ([Id], [Name]) VALUES (5, N'Monaco')
INSERT [dbo].[Countries] ([Id], [Name]) VALUES (6, N'Oostenrijk')
INSERT [dbo].[Countries] ([Id], [Name]) VALUES (7, N'Nederland')
INSERT [dbo].[Countries] ([Id], [Name]) VALUES (8, N'Frankrijk')
INSERT [dbo].[Countries] ([Id], [Name]) VALUES (9, N'Australië')
INSERT [dbo].[Countries] ([Id], [Name]) VALUES (10, N'Verenigde Staten')
INSERT [dbo].[Countries] ([Id], [Name]) VALUES (11, N'Denemarken')
INSERT [dbo].[Countries] ([Id], [Name]) VALUES (12, N'Spanje')
INSERT [dbo].[Countries] ([Id], [Name]) VALUES (13, N'Mexico')
INSERT [dbo].[Countries] ([Id], [Name]) VALUES (14, N'Canada')
INSERT [dbo].[Countries] ([Id], [Name]) VALUES (15, N'Zwitserland')
INSERT [dbo].[Countries] ([Id], [Name]) VALUES (16, N'Rusland')
INSERT [dbo].[Countries] ([Id], [Name]) VALUES (17, N'Thailand')
INSERT [dbo].[Countries] ([Id], [Name]) VALUES (18, N'Polen')
INSERT [dbo].[Countries] ([Id], [Name]) VALUES (19, N'Bahrein')
INSERT [dbo].[Countries] ([Id], [Name]) VALUES (20, N'China')
INSERT [dbo].[Countries] ([Id], [Name]) VALUES (21, N'Azerbeidzjan')
INSERT [dbo].[Countries] ([Id], [Name]) VALUES (22, N'Hongarije')
INSERT [dbo].[Countries] ([Id], [Name]) VALUES (23, N'België')
INSERT [dbo].[Countries] ([Id], [Name]) VALUES (24, N'China (Singapore)')
INSERT [dbo].[Countries] ([Id], [Name]) VALUES (25, N'Japan')
INSERT [dbo].[Countries] ([Id], [Name]) VALUES (26, N'Brazilië')
INSERT [dbo].[Countries] ([Id], [Name]) VALUES (27, N'Abu Dhabi')
INSERT [dbo].[Countries] ([Id], [Name]) VALUES (28, N'Portugal')
SET IDENTITY_INSERT [dbo].[Countries] OFF
GO
SET IDENTITY_INSERT [dbo].[Circuits] ON 

INSERT [dbo].[Circuits] ([Id], [Name], [Length], [LapRecord], [CountryId]) VALUES (1, N'Circuit de Monaco', CAST(3.337 AS Decimal(10, 3)), N'1:14.260 Max Verstappen (2018)', 5)
INSERT [dbo].[Circuits] ([Id], [Name], [Length], [LapRecord], [CountryId]) VALUES (2, N'Circuit of The Americas', CAST(5.513 AS Decimal(10, 3)), N'1:37.392 Lewis Hamilton (2018)', 10)
INSERT [dbo].[Circuits] ([Id], [Name], [Length], [LapRecord], [CountryId]) VALUES (3, N'Autódromo Hermanos Rodríguez', CAST(4.304 AS Decimal(10, 3)), N'1:18.741 Valtteri Bottas (2018)', 13)
INSERT [dbo].[Circuits] ([Id], [Name], [Length], [LapRecord], [CountryId]) VALUES (4, N'Suzuka International Racing Course', CAST(5.807 AS Decimal(10, 3)), N'1:31.540 Kimi Räikkönen (2005)', 25)
INSERT [dbo].[Circuits] ([Id], [Name], [Length], [LapRecord], [CountryId]) VALUES (5, N'Sochi Autodrom', CAST(5.848 AS Decimal(10, 3)), N'1:35.861', 16)
INSERT [dbo].[Circuits] ([Id], [Name], [Length], [LapRecord], [CountryId]) VALUES (6, N'Marina Bay Street Circuit', CAST(50.630 AS Decimal(10, 3)), N'1:41.905 Kevin Magnussen (2018)', 24)
INSERT [dbo].[Circuits] ([Id], [Name], [Length], [LapRecord], [CountryId]) VALUES (7, N'Autodromo Nazionale Monza', CAST(5.793 AS Decimal(10, 3)), N'1:21.046 Rubens Barichello (2004)', 4)
INSERT [dbo].[Circuits] ([Id], [Name], [Length], [LapRecord], [CountryId]) VALUES (8, N'Circuit de Spa-Francorchamps', CAST(7.004 AS Decimal(10, 3)), N'1:46.286 Valtteri Bottas (2018)', 23)
INSERT [dbo].[Circuits] ([Id], [Name], [Length], [LapRecord], [CountryId]) VALUES (9, N'Hungaroring', CAST(4.381 AS Decimal(10, 3)), N'1:19.071 Michael Schumacher (2004)', 22)
INSERT [dbo].[Circuits] ([Id], [Name], [Length], [LapRecord], [CountryId]) VALUES (10, N'Hockenheimring', CAST(4.574 AS Decimal(10, 3)), N'1:13.780 Kimi Räikkönen (2004)', 1)
INSERT [dbo].[Circuits] ([Id], [Name], [Length], [LapRecord], [CountryId]) VALUES (11, N'Silverstone Circuit', CAST(5.891 AS Decimal(10, 3)), N'1:30.621 Lewis Hamilton (2017)', 2)
INSERT [dbo].[Circuits] ([Id], [Name], [Length], [LapRecord], [CountryId]) VALUES (12, N'Red Bull Ring', CAST(4.318 AS Decimal(10, 3)), N'1:06.957 Kimi Räikkönen (2018)', 6)
INSERT [dbo].[Circuits] ([Id], [Name], [Length], [LapRecord], [CountryId]) VALUES (13, N'Circuit Paul Ricard', CAST(5.842 AS Decimal(10, 3)), N'1:34.225 Valtteri Bottas (2018)', 8)
INSERT [dbo].[Circuits] ([Id], [Name], [Length], [LapRecord], [CountryId]) VALUES (14, N'Circuit Gilles-Villeneuve', CAST(4.361 AS Decimal(10, 3)), N'1:13.622 Rubens Barichello (2004)', 14)
INSERT [dbo].[Circuits] ([Id], [Name], [Length], [LapRecord], [CountryId]) VALUES (15, N'Autódromo José Carlos Pace', CAST(4.309 AS Decimal(10, 3)), N'1:10.540 Valtteri Bottas (2018)', 26)
INSERT [dbo].[Circuits] ([Id], [Name], [Length], [LapRecord], [CountryId]) VALUES (16, N'Yas Marina Circuit', CAST(5.554 AS Decimal(10, 3)), N'1:40.279 Sebastian Vettel (2009)', 27)
INSERT [dbo].[Circuits] ([Id], [Name], [Length], [LapRecord], [CountryId]) VALUES (17, N'Baku City Circuit', CAST(6.003 AS Decimal(10, 3)), N'1:43.441 Sebastian Vettel (2017)', 21)
INSERT [dbo].[Circuits] ([Id], [Name], [Length], [LapRecord], [CountryId]) VALUES (18, N'Shanghai International Circuit', CAST(5.451 AS Decimal(10, 3)), N'1:32.238 Michael Schumacher (2004)', 20)
INSERT [dbo].[Circuits] ([Id], [Name], [Length], [LapRecord], [CountryId]) VALUES (19, N'Bahrain International Circuit', CAST(5.412 AS Decimal(10, 3)), N'1:31.447 Pedro de la Rosa (2005)', 19)
INSERT [dbo].[Circuits] ([Id], [Name], [Length], [LapRecord], [CountryId]) VALUES (20, N'Melbourne Grand Prix Circuit', CAST(5.303 AS Decimal(10, 3)), N'1:24.125 Michael Schumacher (2004)', 9)
INSERT [dbo].[Circuits] ([Id], [Name], [Length], [LapRecord], [CountryId]) VALUES (21, N'Circuit de Barcelona-Catalunya', CAST(4.655 AS Decimal(10, 3)), N'1:18:441 Daniel Ricciardo (2018)', 12)
INSERT [dbo].[Circuits] ([Id], [Name], [Length], [LapRecord], [CountryId]) VALUES (22, N'Mugello', CAST(5.245 AS Decimal(10, 3)), NULL, 5)
INSERT [dbo].[Circuits] ([Id], [Name], [Length], [LapRecord], [CountryId]) VALUES (24, N'NÜRBURGRING', CAST(5.148 AS Decimal(10, 3)), NULL, 1)
INSERT [dbo].[Circuits] ([Id], [Name], [Length], [LapRecord], [CountryId]) VALUES (26, N'AUTÓDROMO INTERNACIONAL DO ALGARVE', CAST(4.684 AS Decimal(10, 3)), NULL, 28)
INSERT [dbo].[Circuits] ([Id], [Name], [Length], [LapRecord], [CountryId]) VALUES (27, N'AUTODROMO ENZO E DINO FERRARI', CAST(4.959 AS Decimal(10, 3)), NULL, 5)
SET IDENTITY_INSERT [dbo].[Circuits] OFF
GO
SET IDENTITY_INSERT [dbo].[Teams] ON 

INSERT [dbo].[Teams] ([Id], [Name], [Fullname], [Manufacturer], [CountryId], [Logo]) VALUES (2, N'Toro Rosso', N'Red Bull Toro Rosso Honda', N'Honda', 4, N'torro-rosso.jpg')
INSERT [dbo].[Teams] ([Id], [Name], [Fullname], [Manufacturer], [CountryId], [Logo]) VALUES (3, N'Sauber', N'Alfa Romeo Sauber F1 Team', N'Ferrari', 15, N'sauber.jpg')
INSERT [dbo].[Teams] ([Id], [Name], [Fullname], [Manufacturer], [CountryId], [Logo]) VALUES (4, N'Racing Point', N'Racing Point F1 Team', N'Mercedes', 2, N'racing-point.jpg')
INSERT [dbo].[Teams] ([Id], [Name], [Fullname], [Manufacturer], [CountryId], [Logo]) VALUES (6, N'Haas', N'Rich Energy Haas F1 Team', N'Ferrari', 10, N'haas.jpg')
INSERT [dbo].[Teams] ([Id], [Name], [Fullname], [Manufacturer], [CountryId], [Logo]) VALUES (8, N'Red Bull Racing', N'Aston Martin Red Bull Racing', N'Honda', 6, N'red-bull.jpg')
INSERT [dbo].[Teams] ([Id], [Name], [Fullname], [Manufacturer], [CountryId], [Logo]) VALUES (9, N'Ferrari', N'Scuderia Ferrari Mission Winnow', N'Ferrari', 4, N'ferrari.jpg')
INSERT [dbo].[Teams] ([Id], [Name], [Fullname], [Manufacturer], [CountryId], [Logo]) VALUES (10, N'Mercedes', N'Mercedes-AMG Petronas Motorsport', N'Mercedes', 1, N'mercedes.jpg')
INSERT [dbo].[Teams] ([Id], [Name], [Fullname], [Manufacturer], [CountryId], [Logo]) VALUES (23, N'Williams', N'Williams Racing', N'Mercedes', 2, NULL)
INSERT [dbo].[Teams] ([Id], [Name], [Fullname], [Manufacturer], [CountryId], [Logo]) VALUES (35, N'Renault', N'Renault F1 Team', N'Renault', 8, NULL)
INSERT [dbo].[Teams] ([Id], [Name], [Fullname], [Manufacturer], [CountryId], [Logo]) VALUES (37, N'McLaren', N'McLaren F1 Team', N'Renault', 2, NULL)
SET IDENTITY_INSERT [dbo].[Teams] OFF
GO
SET IDENTITY_INSERT [dbo].[Driver] ON 

INSERT [dbo].[Driver] ([Id], [Name], [BirthDate], [CountryId], [GrandPrixs], [Podiums], [StartNumber], [TeamId]) VALUES (3, N'Lewis Hamilton', CAST(N'1985-01-07T00:00:00.0000000' AS DateTime2), 2, 229, 134, 44, 10)
INSERT [dbo].[Driver] ([Id], [Name], [BirthDate], [CountryId], [GrandPrixs], [Podiums], [StartNumber], [TeamId]) VALUES (4, N'George Russell', CAST(N'1998-02-15T00:00:00.0000000' AS DateTime2), 2, 0, 0, 63, NULL)
INSERT [dbo].[Driver] ([Id], [Name], [BirthDate], [CountryId], [GrandPrixs], [Podiums], [StartNumber], [TeamId]) VALUES (5, N'Robert Kubica', CAST(N'1984-12-07T00:00:00.0000000' AS DateTime2), 18, 76, 12, 88, NULL)
INSERT [dbo].[Driver] ([Id], [Name], [BirthDate], [CountryId], [GrandPrixs], [Podiums], [StartNumber], [TeamId]) VALUES (6, N'Alexander Albon', CAST(N'1996-03-23T00:00:00.0000000' AS DateTime2), 17, 10, 3, 23, 2)
INSERT [dbo].[Driver] ([Id], [Name], [BirthDate], [CountryId], [GrandPrixs], [Podiums], [StartNumber], [TeamId]) VALUES (7, N'Daniil Kvyat', CAST(N'1994-04-26T00:00:00.0000000' AS DateTime2), 16, 74, 2, 26, 2)
INSERT [dbo].[Driver] ([Id], [Name], [BirthDate], [CountryId], [GrandPrixs], [Podiums], [StartNumber], [TeamId]) VALUES (8, N'Antonio Giovinazzi', CAST(N'1993-12-14T00:00:00.0000000' AS DateTime2), 4, 2, 0, 99, 3)
INSERT [dbo].[Driver] ([Id], [Name], [BirthDate], [CountryId], [GrandPrixs], [Podiums], [StartNumber], [TeamId]) VALUES (9, N'Lance Stroll', CAST(N'1998-10-29T00:00:00.0000000' AS DateTime2), 14, 41, 1, 18, NULL)
INSERT [dbo].[Driver] ([Id], [Name], [BirthDate], [CountryId], [GrandPrixs], [Podiums], [StartNumber], [TeamId]) VALUES (10, N'Sergio Perez', CAST(N'1990-01-26T00:00:00.0000000' AS DateTime2), 13, 157, 8, 11, NULL)
INSERT [dbo].[Driver] ([Id], [Name], [BirthDate], [CountryId], [GrandPrixs], [Podiums], [StartNumber], [TeamId]) VALUES (11, N'Lando Norris', CAST(N'1999-11-13T00:00:00.0000000' AS DateTime2), 2, 0, 0, 4, NULL)
INSERT [dbo].[Driver] ([Id], [Name], [BirthDate], [CountryId], [GrandPrixs], [Podiums], [StartNumber], [TeamId]) VALUES (12, N'Carlos Sainz', CAST(N'1994-09-01T00:00:00.0000000' AS DateTime2), 12, 81, 0, 55, NULL)
INSERT [dbo].[Driver] ([Id], [Name], [BirthDate], [CountryId], [GrandPrixs], [Podiums], [StartNumber], [TeamId]) VALUES (13, N'Kimi Räikkönen', CAST(N'1979-10-17T00:00:00.0000000' AS DateTime2), 3, 294, 103, 7, 3)
INSERT [dbo].[Driver] ([Id], [Name], [BirthDate], [CountryId], [GrandPrixs], [Podiums], [StartNumber], [TeamId]) VALUES (14, N'Romain Grosjean', CAST(N'1986-04-17T00:00:00.0000000' AS DateTime2), 8, 145, 10, 8, 6)
INSERT [dbo].[Driver] ([Id], [Name], [BirthDate], [CountryId], [GrandPrixs], [Podiums], [StartNumber], [TeamId]) VALUES (15, N'Kevin Magnussen', CAST(N'1992-10-05T00:00:00.0000000' AS DateTime2), 11, 82, 1, 20, 6)
INSERT [dbo].[Driver] ([Id], [Name], [BirthDate], [CountryId], [GrandPrixs], [Podiums], [StartNumber], [TeamId]) VALUES (16, N'Sebastian Vettel', CAST(N'1987-07-03T00:00:00.0000000' AS DateTime2), 1, 220, 111, 5, 9)
INSERT [dbo].[Driver] ([Id], [Name], [BirthDate], [CountryId], [GrandPrixs], [Podiums], [StartNumber], [TeamId]) VALUES (17, N'Charles Leclerc', CAST(N'1997-10-16T00:00:00.0000000' AS DateTime2), 5, 21, 0, 16, 9)
INSERT [dbo].[Driver] ([Id], [Name], [BirthDate], [CountryId], [GrandPrixs], [Podiums], [StartNumber], [TeamId]) VALUES (18, N'Max Verstappen', CAST(N'1997-09-30T00:00:00.0000000' AS DateTime2), 7, 81, 22, 33, 8)
INSERT [dbo].[Driver] ([Id], [Name], [BirthDate], [CountryId], [GrandPrixs], [Podiums], [StartNumber], [TeamId]) VALUES (19, N'Valtteri Bottas', CAST(N'1989-08-28T00:00:00.0000000' AS DateTime2), 3, 119, 30, 77, 10)
INSERT [dbo].[Driver] ([Id], [Name], [BirthDate], [CountryId], [GrandPrixs], [Podiums], [StartNumber], [TeamId]) VALUES (20, N'Nico Hulkenberg', CAST(N'1987-08-19T00:00:00.0000000' AS DateTime2), 1, 158, 0, 27, NULL)
INSERT [dbo].[Driver] ([Id], [Name], [BirthDate], [CountryId], [GrandPrixs], [Podiums], [StartNumber], [TeamId]) VALUES (21, N'Daniel Ricciardo', CAST(N'1989-07-01T00:00:00.0000000' AS DateTime2), 9, 150, 29, 3, NULL)
INSERT [dbo].[Driver] ([Id], [Name], [BirthDate], [CountryId], [GrandPrixs], [Podiums], [StartNumber], [TeamId]) VALUES (22, N'Pierre Gasly', CAST(N'1996-02-07T00:00:00.0000000' AS DateTime2), 8, 26, 0, 10, 8)
INSERT [dbo].[Driver] ([Id], [Name], [BirthDate], [CountryId], [GrandPrixs], [Podiums], [StartNumber], [TeamId]) VALUES (24, N'Esteban Ocon', NULL, 8, 0, 0, 31, NULL)
INSERT [dbo].[Driver] ([Id], [Name], [BirthDate], [CountryId], [GrandPrixs], [Podiums], [StartNumber], [TeamId]) VALUES (25, N'Nicolas Latifi', NULL, 14, 0, 0, 6, NULL)
SET IDENTITY_INSERT [dbo].[Driver] OFF
GO
SET IDENTITY_INSERT [dbo].[GrandPrix] ON 

INSERT [dbo].[GrandPrix] ([Id], [Name], [CircuitId], [Year], [Date]) VALUES (1, N'FORMULA 1 MAGYAR NAGYDÍJ 2019', 9, 2019, CAST(N'2020-08-28' AS Date))
INSERT [dbo].[GrandPrix] ([Id], [Name], [CircuitId], [Year], [Date]) VALUES (2, N'FORMULA 1 UNITED STATES GRAND PRIX 2019', 2, 2019, CAST(N'2020-08-28' AS Date))
INSERT [dbo].[GrandPrix] ([Id], [Name], [CircuitId], [Year], [Date]) VALUES (3, N'FORMULA 1 GRAN PREMIO DE MÉXICO 2019', 3, 2019, CAST(N'2020-08-28' AS Date))
INSERT [dbo].[GrandPrix] ([Id], [Name], [CircuitId], [Year], [Date]) VALUES (4, N'FORMULA 1 JAPANESE GRAND PRIX 2019', 4, 2019, CAST(N'2020-08-28' AS Date))
INSERT [dbo].[GrandPrix] ([Id], [Name], [CircuitId], [Year], [Date]) VALUES (5, N'FORMULA 1 VTB RUSSIAN GRAND PRIX 2019', 5, 2019, CAST(N'2020-08-28' AS Date))
INSERT [dbo].[GrandPrix] ([Id], [Name], [CircuitId], [Year], [Date]) VALUES (6, N'FORMULA 1 SINGAPORE AIRLINES SINGAPORE GRAND PRIX 2019', 6, 2019, CAST(N'2020-08-28' AS Date))
INSERT [dbo].[GrandPrix] ([Id], [Name], [CircuitId], [Year], [Date]) VALUES (7, N'FORMULA 1 GRAN PREMIO HEINEKEN D''ITALIA 2019', 7, 2019, CAST(N'2020-08-28' AS Date))
INSERT [dbo].[GrandPrix] ([Id], [Name], [CircuitId], [Year], [Date]) VALUES (8, N'FORMULA 1 BELGIAN GRAND PRIX 2019', 8, 2019, CAST(N'2020-08-28' AS Date))
INSERT [dbo].[GrandPrix] ([Id], [Name], [CircuitId], [Year], [Date]) VALUES (9, N'FORMULA 1 MERCEDES-BENZ GROSSER PREIS VON DEUTSCHLAND 2019', 10, 2019, CAST(N'2020-08-28' AS Date))
INSERT [dbo].[GrandPrix] ([Id], [Name], [CircuitId], [Year], [Date]) VALUES (10, N'FORMULA 1 ROLEX AUSTRALIAN GRAND PRIX 2019', 20, 2019, CAST(N'2020-08-28' AS Date))
INSERT [dbo].[GrandPrix] ([Id], [Name], [CircuitId], [Year], [Date]) VALUES (11, N'FORMULA 1 MYWORLD GROSSER PREIS VON ÖSTERREICH 2019', 12, 2019, CAST(N'2020-08-28' AS Date))
INSERT [dbo].[GrandPrix] ([Id], [Name], [CircuitId], [Year], [Date]) VALUES (12, N'FORMULA 1 GRAND PRIX DE FRANCE 2019', 13, 2019, CAST(N'2020-08-28' AS Date))
INSERT [dbo].[GrandPrix] ([Id], [Name], [CircuitId], [Year], [Date]) VALUES (13, N'FORMULA 1 GRAND PRIX DU CANADA 2019', 14, 2019, CAST(N'2020-08-28' AS Date))
INSERT [dbo].[GrandPrix] ([Id], [Name], [CircuitId], [Year], [Date]) VALUES (14, N'FORMULA 1 GRAND PRIX DE MONACO 2019', 1, 2019, CAST(N'2020-08-28' AS Date))
INSERT [dbo].[GrandPrix] ([Id], [Name], [CircuitId], [Year], [Date]) VALUES (15, N'FORMULA 1 GRAN PREMIO DE ESPAÑA 2019', 21, 2019, CAST(N'2020-08-28' AS Date))
INSERT [dbo].[GrandPrix] ([Id], [Name], [CircuitId], [Year], [Date]) VALUES (16, N'FORMULA 1 AZERBAIJAN GRAND PRIX 2019', 17, 2019, CAST(N'2020-08-28' AS Date))
INSERT [dbo].[GrandPrix] ([Id], [Name], [CircuitId], [Year], [Date]) VALUES (17, N'FORMULA 1 HEINEKEN CHINESE GRAND PRIX 2019', 18, 2019, CAST(N'2020-08-28' AS Date))
INSERT [dbo].[GrandPrix] ([Id], [Name], [CircuitId], [Year], [Date]) VALUES (18, N'FORMULA 1 GULF AIR BAHRAIN GRAND PRIX 2019', 19, 2019, CAST(N'2020-08-28' AS Date))
INSERT [dbo].[GrandPrix] ([Id], [Name], [CircuitId], [Year], [Date]) VALUES (19, N'FORMULA 1 GRANDE PRÊMIO DO BRASIL 2019', 15, 2019, CAST(N'2020-08-28' AS Date))
INSERT [dbo].[GrandPrix] ([Id], [Name], [CircuitId], [Year], [Date]) VALUES (20, N'FORMULA 1 ROLEX BRITISH GRAND PRIX 2019', 11, 2019, CAST(N'2020-08-28' AS Date))
INSERT [dbo].[GrandPrix] ([Id], [Name], [CircuitId], [Year], [Date]) VALUES (21, N'FORMULA 1 ETIHAD AIRWAYS ABU DHABI GRAND PRIX 2019', 16, 2019, CAST(N'2020-08-28' AS Date))
INSERT [dbo].[GrandPrix] ([Id], [Name], [CircuitId], [Year], [Date]) VALUES (22, N'Formula 1 Rolex Grosser Preis Von Österreich 2020', 12, 2020, CAST(N'2020-07-05' AS Date))
INSERT [dbo].[GrandPrix] ([Id], [Name], [CircuitId], [Year], [Date]) VALUES (23, N'Formula 1 Pirelli Grosser Preis Der Steiermark 2020', 12, 2020, CAST(N'2020-07-12' AS Date))
INSERT [dbo].[GrandPrix] ([Id], [Name], [CircuitId], [Year], [Date]) VALUES (24, N'Formula 1 Aramco Magyar Nagydíj 2020', 9, 2020, CAST(N'2020-07-19' AS Date))
INSERT [dbo].[GrandPrix] ([Id], [Name], [CircuitId], [Year], [Date]) VALUES (25, N'Formula 1 Pirelli British Grand Prix 2020', 11, 2020, CAST(N'2020-08-02' AS Date))
INSERT [dbo].[GrandPrix] ([Id], [Name], [CircuitId], [Year], [Date]) VALUES (26, N'Emirates Formula 1 70th Anniversary Grand Prix 2020', 11, 2020, CAST(N'2020-08-09' AS Date))
INSERT [dbo].[GrandPrix] ([Id], [Name], [CircuitId], [Year], [Date]) VALUES (27, N'Formula 1 Aramco Gran Premio De España 2020', 21, 2020, CAST(N'2020-08-16' AS Date))
INSERT [dbo].[GrandPrix] ([Id], [Name], [CircuitId], [Year], [Date]) VALUES (28, N'Formula 1 Rolex Belgian Grand Prix 2020', 8, 2020, CAST(N'2020-08-30' AS Date))
INSERT [dbo].[GrandPrix] ([Id], [Name], [CircuitId], [Year], [Date]) VALUES (29, N'Formula 1 Gran Premio Heineken D’italia 2020', 7, 2020, CAST(N'2020-09-06' AS Date))
INSERT [dbo].[GrandPrix] ([Id], [Name], [CircuitId], [Year], [Date]) VALUES (30, N'Formula 1 Pirelli Gran Premio Della Toscana Ferrari 1000 2020', 22, 2020, CAST(N'2020-09-13' AS Date))
INSERT [dbo].[GrandPrix] ([Id], [Name], [CircuitId], [Year], [Date]) VALUES (31, N'Formula 1 VTB Russian Grand Prix 2020', 5, 2020, CAST(N'2020-09-27' AS Date))
INSERT [dbo].[GrandPrix] ([Id], [Name], [CircuitId], [Year], [Date]) VALUES (32, N'Formula 1 Aramco Grosser Preis Der Eifel 2020', 24, 2020, CAST(N'2020-10-11' AS Date))
INSERT [dbo].[GrandPrix] ([Id], [Name], [CircuitId], [Year], [Date]) VALUES (33, N'Formula 1 Heineken Grande Prémio De Portugal 2020', 26, 2020, CAST(N'2020-10-25' AS Date))
INSERT [dbo].[GrandPrix] ([Id], [Name], [CircuitId], [Year], [Date]) VALUES (34, N'Formula 1 Emirates Gran Premio Dell''emilia Romagna 2020', 27, 2020, CAST(N'2020-11-01' AS Date))
SET IDENTITY_INSERT [dbo].[GrandPrix] OFF
GO
INSERT [dbo].[RaceResults] ([GrandPrixId], [DriverId], [Position], [Time], [Laps]) VALUES (22, 3, 4, N'+5.689s', 71)
INSERT [dbo].[RaceResults] ([GrandPrixId], [DriverId], [Position], [Time], [Laps]) VALUES (22, 4, 15, N'DNF', 49)
INSERT [dbo].[RaceResults] ([GrandPrixId], [DriverId], [Position], [Time], [Laps]) VALUES (22, 6, 13, N'DNF', 67)
INSERT [dbo].[RaceResults] ([GrandPrixId], [DriverId], [Position], [Time], [Laps]) VALUES (22, 7, 12, N'DNF', 69)
INSERT [dbo].[RaceResults] ([GrandPrixId], [DriverId], [Position], [Time], [Laps]) VALUES (22, 8, 9, N'+21.146s', 71)
INSERT [dbo].[RaceResults] ([GrandPrixId], [DriverId], [Position], [Time], [Laps]) VALUES (22, 9, 18, N'DNF', 20)
INSERT [dbo].[RaceResults] ([GrandPrixId], [DriverId], [Position], [Time], [Laps]) VALUES (22, 10, 6, N'+15.092s', 71)
INSERT [dbo].[RaceResults] ([GrandPrixId], [DriverId], [Position], [Time], [Laps]) VALUES (22, 11, 3, N'+5.491s', 71)
INSERT [dbo].[RaceResults] ([GrandPrixId], [DriverId], [Position], [Time], [Laps]) VALUES (22, 12, 5, N'+8.903s', 71)
INSERT [dbo].[RaceResults] ([GrandPrixId], [DriverId], [Position], [Time], [Laps]) VALUES (22, 13, 14, N'DNF', 53)
INSERT [dbo].[RaceResults] ([GrandPrixId], [DriverId], [Position], [Time], [Laps]) VALUES (22, 14, 16, N'DNF', 49)
INSERT [dbo].[RaceResults] ([GrandPrixId], [DriverId], [Position], [Time], [Laps]) VALUES (22, 15, 17, N'DNF', 24)
INSERT [dbo].[RaceResults] ([GrandPrixId], [DriverId], [Position], [Time], [Laps]) VALUES (22, 16, 10, N'+24.545s', 71)
INSERT [dbo].[RaceResults] ([GrandPrixId], [DriverId], [Position], [Time], [Laps]) VALUES (22, 17, 2, N'+2.700s', 71)
INSERT [dbo].[RaceResults] ([GrandPrixId], [DriverId], [Position], [Time], [Laps]) VALUES (22, 18, 20, N'DNF', 11)
INSERT [dbo].[RaceResults] ([GrandPrixId], [DriverId], [Position], [Time], [Laps]) VALUES (22, 19, 1, N'1:30:55.739', 71)
INSERT [dbo].[RaceResults] ([GrandPrixId], [DriverId], [Position], [Time], [Laps]) VALUES (22, 21, 19, N'DNF', 17)
INSERT [dbo].[RaceResults] ([GrandPrixId], [DriverId], [Position], [Time], [Laps]) VALUES (22, 22, 7, N'+16.682s', 71)
INSERT [dbo].[RaceResults] ([GrandPrixId], [DriverId], [Position], [Time], [Laps]) VALUES (22, 24, 8, N'+17.456s', 71)
INSERT [dbo].[RaceResults] ([GrandPrixId], [DriverId], [Position], [Time], [Laps]) VALUES (22, 25, 11, N'+31.650s', 71)
INSERT [dbo].[RaceResults] ([GrandPrixId], [DriverId], [Position], [Time], [Laps]) VALUES (23, 3, 1, N'1:22:50.683', 71)
INSERT [dbo].[RaceResults] ([GrandPrixId], [DriverId], [Position], [Time], [Laps]) VALUES (23, 4, 16, N'+ 2 laps', 69)
INSERT [dbo].[RaceResults] ([GrandPrixId], [DriverId], [Position], [Time], [Laps]) VALUES (23, 6, 4, N'+44.400s', 71)
INSERT [dbo].[RaceResults] ([GrandPrixId], [DriverId], [Position], [Time], [Laps]) VALUES (23, 7, 10, N'+1 lap', 70)
INSERT [dbo].[RaceResults] ([GrandPrixId], [DriverId], [Position], [Time], [Laps]) VALUES (23, 8, 14, N'+1 lap', 70)
INSERT [dbo].[RaceResults] ([GrandPrixId], [DriverId], [Position], [Time], [Laps]) VALUES (23, 9, 7, N'+62.453s', 71)
INSERT [dbo].[RaceResults] ([GrandPrixId], [DriverId], [Position], [Time], [Laps]) VALUES (23, 10, 6, N'+62.387s', 71)
INSERT [dbo].[RaceResults] ([GrandPrixId], [DriverId], [Position], [Time], [Laps]) VALUES (23, 11, 5, N'+61.470s', 71)
INSERT [dbo].[RaceResults] ([GrandPrixId], [DriverId], [Position], [Time], [Laps]) VALUES (23, 12, 9, N'+1 lap', 70)
INSERT [dbo].[RaceResults] ([GrandPrixId], [DriverId], [Position], [Time], [Laps]) VALUES (23, 13, 11, N'+1 lap', 70)
INSERT [dbo].[RaceResults] ([GrandPrixId], [DriverId], [Position], [Time], [Laps]) VALUES (23, 14, 13, N'+1 lap', 70)
INSERT [dbo].[RaceResults] ([GrandPrixId], [DriverId], [Position], [Time], [Laps]) VALUES (23, 15, 12, N'+1 lap', 70)
INSERT [dbo].[RaceResults] ([GrandPrixId], [DriverId], [Position], [Time], [Laps]) VALUES (23, 16, 20, N'DNF', 0)
INSERT [dbo].[RaceResults] ([GrandPrixId], [DriverId], [Position], [Time], [Laps]) VALUES (23, 17, 19, N'DNF', 0)
INSERT [dbo].[RaceResults] ([GrandPrixId], [DriverId], [Position], [Time], [Laps]) VALUES (23, 18, 3, N'+33.698s', 71)
INSERT [dbo].[RaceResults] ([GrandPrixId], [DriverId], [Position], [Time], [Laps]) VALUES (23, 19, 2, N'+13.719s', 71)
INSERT [dbo].[RaceResults] ([GrandPrixId], [DriverId], [Position], [Time], [Laps]) VALUES (23, 21, 8, N'+62.591s', 71)
INSERT [dbo].[RaceResults] ([GrandPrixId], [DriverId], [Position], [Time], [Laps]) VALUES (23, 22, 15, N'+1 lap', 70)
INSERT [dbo].[RaceResults] ([GrandPrixId], [DriverId], [Position], [Time], [Laps]) VALUES (23, 24, 18, N'DNF', 0)
INSERT [dbo].[RaceResults] ([GrandPrixId], [DriverId], [Position], [Time], [Laps]) VALUES (23, 25, 17, N'+ 2 laps', 69)
GO
INSERT [dbo].[ScoreTable] ([Position], [Score]) VALUES (1, 25)
INSERT [dbo].[ScoreTable] ([Position], [Score]) VALUES (2, 18)
INSERT [dbo].[ScoreTable] ([Position], [Score]) VALUES (3, 16)
INSERT [dbo].[ScoreTable] ([Position], [Score]) VALUES (4, 12)
INSERT [dbo].[ScoreTable] ([Position], [Score]) VALUES (5, 10)
INSERT [dbo].[ScoreTable] ([Position], [Score]) VALUES (6, 8)
INSERT [dbo].[ScoreTable] ([Position], [Score]) VALUES (7, 6)
INSERT [dbo].[ScoreTable] ([Position], [Score]) VALUES (8, 4)
INSERT [dbo].[ScoreTable] ([Position], [Score]) VALUES (9, 2)
INSERT [dbo].[ScoreTable] ([Position], [Score]) VALUES (10, 1)
INSERT [dbo].[ScoreTable] ([Position], [Score]) VALUES (11, 0)
INSERT [dbo].[ScoreTable] ([Position], [Score]) VALUES (12, 0)
INSERT [dbo].[ScoreTable] ([Position], [Score]) VALUES (13, 0)
INSERT [dbo].[ScoreTable] ([Position], [Score]) VALUES (14, 0)
INSERT [dbo].[ScoreTable] ([Position], [Score]) VALUES (15, 0)
INSERT [dbo].[ScoreTable] ([Position], [Score]) VALUES (16, 0)
INSERT [dbo].[ScoreTable] ([Position], [Score]) VALUES (17, 0)
INSERT [dbo].[ScoreTable] ([Position], [Score]) VALUES (18, 0)
INSERT [dbo].[ScoreTable] ([Position], [Score]) VALUES (19, 0)
INSERT [dbo].[ScoreTable] ([Position], [Score]) VALUES (20, 0)
GO
